Symbol,Price,Quarter
MMM,150.25943710432546,1
AOS,103.66837050222577,1
ABT,253.78032578930936,1
ABBV,306.82377025396477,1
ACN,211.43749123431144,1
ATVI,349.3349515675525,1
AYI,369.32411585148327,1
ADBE,119.29037395468154,1
AAP,197.2348465211025,1
AMD,93.52714719057212,1
AES,213.6157760958753,1
AET,343.7705158236798,1
AMG,241.23223077791772,1
AFL,372.8258094806671,1
A,108.53714554018167,1
APD,198.4313751873167,1
AKAM,157.73267733793756,1
ALK,140.99840623043815,1
ALB,77.54580953956109,1
ARE,359.85983934165876,1
ALXN,106.8661103788206,1
ALGN,118.29711433760033,1
ALLE,197.28378603940342,1
AGN,278.7464886269853,1
ADS,78.08030102182161,1
LNT,358.12580343781735,1
ALL,130.61532924135642,1
GOOGL,109.17565698683052,1
GOOG,216.43237972715903,1
MO,182.65899561503215,1
AMZN,220.75007773735837,1
AEE,233.23947169391016,1
AAL,100.89943100506959,1
AEP,266.61592847640014,1
AXP,291.93682714627306,1
AIG,285.70418985433713,1
AMT,340.957359369518,1
AWK,341.1390280029895,1
AMP,169.53159524981317,1
ABC,292.14921017261696,1
AME,272.8049580637719,1
AMGN,280.8574924410069,1
APH,330.8151376521435,1
APC,153.25608043524238,1
ADI,139.93601157046902,1
ANDV,93.15666286736266,1
ANSS,276.76764602363073,1
ANTM,197.21446921507675,1
AON,85.72967380855681,1
APA,140.45791723148727,1
AIV,127.91760196996594,1
AAPL,275.19794669919565,1
AMAT,195.78959722518263,1
APTV,184.7763423898465,1
ADM,163.9367001004512,1
ARNC,217.9304292857893,1
AJG,123.55505304497414,1
AIZ,266.613918920016,1
T,342.44485761673604,1
ADSK,197.28688792567084,1
ADP,210.65588159578218,1
AZO,213.65523564118516,1
AVB,297.13951966042316,1
AVY,231.88111407380723,1
BHGE,122.19949406896828,1
BLL,289.9170315574024,1
BAC,209.39659062379863,1
BAX,91.54017341167341,1
BBT,298.38493560486546,1
BDX,207.87900076344405,1
BRK.B,241.81005973570672,1
BBY,359.98076818236257,1
BIIB,201.57285956227793,1
BLK,204.11436023033784,1
HRB,305.6475984770684,1
BA,86.75237882266497,1
BKNG,302.5565663956927,1
BWA,176.95566037135134,1
BXP,355.4393669749228,1
BSX,251.18619957913222,1
BHF,282.9290684175948,1
BMY,366.9216868838381,1
AVGO,322.3552832079878,1
BF.B,148.01105024343346,1
CHRW,248.11910565498656,1
CA,88.62003712648456,1
COG,190.0869455497676,1
CDNS,282.2763603364963,1
CPB,118.22307564677058,1
COF,256.7472255030482,1
CAH,333.37993417804137,1
KMX,266.21553529803464,1
CCL,264.4064669806195,1
CAT,224.91849767957027,1
CBOE,163.58172779586226,1
CBRE,170.27606814766582,1
CBS,205.50881973131735,1
CELG,309.5861455222438,1
CNC,139.04116586005705,1
CNP,350.4775508695996,1
CTL,318.96671050585564,1
CERN,98.12492116868775,1
CF,244.600170159593,1
SCHW,190.5333241337022,1
CHTR,263.61988169126255,1
CVX,253.14624130573662,1
CMG,262.90198957693815,1
CB,76.14685473303001,1
CHD,297.2837199444971,1
CI,83.66680061615929,1
XEC,370.42928208635044,1
CINF,132.48690858733778,1
CTAS,354.0590763683727,1
CSCO,232.99583103640123,1
C,106.70560258742998,1
CFG,369.7279222848499,1
CTXS,261.28038887789785,1
CME,276.0824071521811,1
CMS,145.38184162801454,1
KO,354.049180608642,1
CTSH,260.76033440239803,1
CL,223.86137103508491,1
CMCSA,123.81056561088576,1
CMA,161.61885920092112,1
CAG,279.53298161972543,1
CXO,205.32445723421128,1
COP,325.300590150673,1
ED,185.7953364754846,1
STZ,313.69585826501543,1
GLW,300.52726109130015,1
COST,151.13102177931052,1
COTY,312.87268988560686,1
CCI,351.0938767300229,1
CSRA,364.3114742217972,1
CSX,250.2349574169654,1
CMI,160.7715686709268,1
CVS,89.28456869456201,1
DHI,323.2584635912931,1
DHR,240.1860816201149,1
DRI,159.08517194264977,1
DVA,200.60021503099182,1
DE,318.5326542600063,1
DAL,128.39786659234034,1
XRAY,160.81647365080755,1
DVN,203.76403726677256,1
DLR,158.19299122665439,1
DFS,206.12926773063162,1
DISCA,192.75589311280123,1
DISCK,172.9066602505486,1
DISH,204.47380435039338,1
DG,293.78137800469176,1
DLTR,252.92967309734135,1
D,353.3230174325854,1
DOV,192.20810497598427,1
DWDP,116.91157758525372,1
DPS,95.7846657364699,1
DTE,288.51334368419356,1
DUK,126.7978951798928,1
DRE,305.7361147369361,1
DXC,104.9048408187175,1
ETFC,271.60909237566773,1
EMN,280.2567173389599,1
ETN,168.65446971966827,1
EBAY,365.25353426022076,1
ECL,214.52577931008773,1
EIX,93.64510085269072,1
EW,339.29162174293606,1
EA,195.84073539173497,1
EMR,146.0845306291873,1
ETR,224.85140666829352,1
EVHC,168.17571303847632,1
EOG,216.1362317313461,1
EQT,191.14421278603385,1
EFX,78.44701525658238,1
EQIX,346.1043768795604,1
EQR,132.64209077098857,1
ESS,325.75862908226105,1
EL,212.3033277938399,1
RE,280.6969874475018,1
ES,222.50844615304229,1
EXC,276.6104798063996,1
EXPE,89.97245057008902,1
EXPD,93.49316152892793,1
ESRX,166.63786001518048,1
EXR,289.2915687221904,1
XOM,85.19247874413217,1
FFIV,166.16874382411788,1
FB,128.70096426251752,1
FAST,272.1250219123847,1
FRT,208.5879560645434,1
FDX,86.60857153323735,1
FIS,365.29239698858953,1
FITB,103.57837767878183,1
FE,137.47198730170987,1
FISV,92.2231932960032,1
FLIR,333.7993246658596,1
FLS,261.8297877244951,1
FLR,196.23891996140642,1
FMC,294.47474729283476,1
FL,166.25295830617284,1
F,286.45314850790567,1
FTV,205.85161204926638,1
FBHS,220.93999203520224,1
BEN,112.3218387367927,1
FCX,236.21881590792785,1
GPS,211.22999575440227,1
GRMN,272.8709858760126,1
IT,269.29165399867543,1
GD,140.2530432361607,1
GE,158.00532385764373,1
GGP,321.0540234828293,1
GIS,149.17401364923677,1
GM,344.78990644673945,1
GPC,313.492744105097,1
GILD,134.45108023879607,1
GPN,256.1512856588742,1
GS,284.64495180201834,1
GT,170.16697417463598,1
GWW,289.70092950957815,1
HAL,153.34342622062888,1
HBI,280.6681351388944,1
HOG,140.8367282732916,1
HRS,202.32165888354854,1
HIG,239.40555388862623,1
HAS,172.35540286945803,1
HCA,76.58741136220348,1
HCP,146.25134146893322,1
HP,273.7593497655852,1
HSIC,91.90315518696755,1
HES,231.2054184436528,1
HPE,199.68499916968648,1
HLT,214.09740748461252,1
HOLX,136.6967864197848,1
HD,129.39850547164667,1
HON,328.5665696959429,1
HRL,319.11961381802644,1
HST,104.23858507989944,1
HPQ,178.03848621491983,1
HUM,99.1568132832763,1
HBAN,172.93218023076503,1
HII,146.52500244569103,1
IDXX,280.87657875639263,1
INFO,246.85329771542857,1
ITW,265.0889945367162,1
ILMN,172.6359359765044,1
INCY,365.68094838671175,1
IR,200.2180599084396,1
INTC,163.64742916792727,1
ICE,142.61625116036112,1
IBM,118.34950750559968,1
IP,273.03349686317785,1
IPG,282.0950653224524,1
IFF,336.76739169509085,1
INTU,213.36030726553273,1
ISRG,95.83846526876431,1
IVZ,125.01706010875569,1
IPGP,213.03550050950918,1
IQV,149.70234954635143,1
IRM,255.98941051550403,1
JBHT,111.27382923850703,1
JEC,354.3520248037052,1
SJM,266.16403633541665,1
JNJ,99.41904238745656,1
JCI,286.70612315773485,1
JPM,159.56306149328492,1
JNPR,356.0840769200271,1
KSU,243.18462442582762,1
K,109.0459814750881,1
KEY,162.44809890639237,1
KMB,312.4001779385713,1
KIM,78.20896411833851,1
KMI,279.6739613985845,1
KLAC,126.33924556359088,1
KSS,196.50840635157087,1
KHC,83.41509688617417,1
KR,261.0298905750726,1
LB,115.75957061297515,1
LLL,104.16175981256744,1
LH,133.92653850672306,1
LRCX,119.6065059409933,1
LEG,103.91142970489396,1
LEN,370.5141642201299,1
LUK,173.79511868989158,1
LLY,252.35283948503672,1
LNC,289.6465499143027,1
LKQ,187.22819467040068,1
LMT,115.22051264850246,1
L,163.39732620963514,1
LOW,316.8448092306937,1
LYB,160.290991061074,1
MTB,336.72018071968506,1
MAC,308.58231629354464,1
M,219.15386379633654,1
MRO,195.11921419925906,1
MPC,102.19670106010895,1
MAR,359.2442810165606,1
MMC,179.0588419666954,1
MLM,362.537537657273,1
MAS,114.06114234510832,1
MA,325.1564972596227,1
MAT,286.00207265451814,1
MKC,196.138304559103,1
MCD,146.34130351961528,1
MCK,296.5737413744989,1
MDT,77.2009068514473,1
MRK,356.95930686450504,1
MET,262.70260639212245,1
MTD,278.75498497640126,1
MGM,151.32923337346529,1
KORS,369.31679394270003,1
MCHP,191.6393527732871,1
MU,279.3760674721251,1
MSFT,202.64068942709426,1
MAA,117.06702922719572,1
MHK,90.96128134735824,1
TAP,112.03482216174608,1
MDLZ,250.78445760349877,1
MON,129.86174510172594,1
MNST,268.1911167352778,1
MCO,73.83083337519537,1
MS,122.61936862052026,1
MSI,144.0629993316049,1
MYL,228.8331086313095,1
NDAQ,130.0594387756838,1
NOV,212.41001500642437,1
NAVI,223.82182745793392,1
NKTR,188.1981259640894,1
NTAP,236.2736306231593,1
NFLX,288.053553742692,1
NWL,144.97460342667233,1
NFX,167.44931184423845,1
NEM,241.43502531289693,1
NWSA,92.15069590020339,1
NWS,86.44254367984178,1
NEE,109.54141999272275,1
NLSN,291.021626793134,1
NKE,103.54905236851818,1
NI,188.59934287533906,1
NBL,234.22351652936237,1
JWN,335.14585264984316,1
NSC,216.91190734192512,1
NTRS,282.84719745572835,1
NOC,295.27618661707214,1
NCLH,74.00477820855701,1
NRG,101.07778646226306,1
NUE,88.06684005997776,1
NVDA,249.1195751950609,1
ORLY,344.93073689648566,1
OXY,226.7851872267886,1
OMC,87.92820863854095,1
OKE,259.6195697858383,1
ORCL,282.01071506325496,1
PCAR,341.66603861404604,1
PKG,304.4115033574321,1
PH,231.93039642082346,1
PAYX,276.11974414866233,1
PYPL,236.90166409276588,1
PNR,290.4038663078883,1
PBCT,137.72518485317,1
PEP,240.95114841043076,1
PKI,154.7434786390699,1
PRGO,319.2089224588676,1
PFE,279.3660746293069,1
PCG,300.2204206878426,1
PM,255.20064362325184,1
PSX,150.09921283586823,1
PNW,108.64558116445926,1
PXD,296.9814340754883,1
PNC,267.703635567682,1
RL,362.07205895202856,1
PPG,77.15184406215845,1
PPL,194.64541944227665,1
PX,319.8975516681239,1
PFG,185.07979336715988,1
PG,161.07500710508864,1
PGR,254.11813813228994,1
PLD,227.16264518929853,1
PRU,236.52820858855952,1
PEG,100.37054125004794,1
PSA,360.12794469437097,1
PHM,129.92846340842914,1
PVH,107.23272874057324,1
QRVO,324.2669406465494,1
QCOM,166.1932867947017,1
PWR,83.42573480056677,1
DGX,98.50996709040334,1
RRC,131.37073491684828,1
RJF,85.35278845569785,1
RTN,90.11959837716003,1
O,81.51582964690711,1
RHT,350.10650531544644,1
REG,194.80761169627092,1
REGN,302.1553187648748,1
RF,263.0508300982497,1
RSG,216.79335996204983,1
RMD,188.1920700785879,1
RHI,122.43543316599919,1
ROK,121.52423627492138,1
COL,191.35757028517702,1
ROP,234.0476010081292,1
ROST,234.77304014947757,1
RCL,124.21842008739371,1
SPGI,231.0098044888843,1
CRM,281.1245449963479,1
SBAC,163.55679619490638,1
SCG,183.5713589064005,1
SLB,274.22411375154434,1
STX,338.3671736342972,1
SEE,310.3292698907618,1
SRE,159.9770199206096,1
SHW,275.70885835248254,1
SPG,225.81403233424746,1
SWKS,331.6786256110526,1
SLG,93.50339158863764,1
SNA,303.4021666153625,1
SO,211.34666465348624,1
LUV,165.21435535672427,1
SWK,269.4366972169015,1
SBUX,320.13116943539376,1
STT,206.04198654273412,1
SRCL,336.7421935901794,1
SYK,228.23408994505212,1
STI,195.04045595527955,1
SIVB,367.4399361229565,1
SYMC,229.23832957482716,1
SYF,281.08586122356866,1
SNPS,156.16586003950445,1
SYY,364.8495448688959,1
TROW,347.3504267120338,1
TTWO,76.62929488924058,1
TPR,322.1317306085498,1
TGT,329.6758355729684,1
TEL,329.1837388279453,1
FTI,113.96831890753896,1
TXN,201.26764340493028,1
TXT,153.60891552841062,1
BK,372.543524541299,1
CLX,240.3673298245743,1
COO,273.68204435909377,1
HSY,369.50560325345333,1
MOS,93.36023198629383,1
TRV,352.8532601940756,1
DIS,246.00504121190045,1
TMO,359.8171495496357,1
TIF,282.34472980042915,1
TWX,222.30968700818013,1
TJX,138.59539503709755,1
TMK,342.2525938977544,1
TSS,183.5105660545452,1
TSCO,273.79894863965546,1
TDG,301.90937813813207,1
TRIP,246.89694933619967,1
FOXA,284.54758353190107,1
FOX,180.9901897697888,1
TSN,235.7922704009085,1
USB,325.0910403070852,1
UDR,89.01552530198575,1
ULTA,181.16444032678754,1
UAA,247.46218637335247,1
UA,253.8426819189931,1
UNP,192.18323462417925,1
UAL,269.08772072012584,1
UNH,185.85792435258978,1
UPS,83.37529313189052,1
URI,348.85615084544526,1
UTX,220.62571229569102,1
UHS,86.86781404413432,1
UNM,184.4760107099362,1
VFC,279.42504347237184,1
VLO,362.59221226671065,1
VAR,274.704205841554,1
VTR,302.39513018904813,1
VRSN,241.32469243843408,1
VRSK,159.56833693443218,1
VZ,347.8049846045923,1
VRTX,278.4450809560443,1
VIAB,243.98266929868956,1
V,181.4362723825074,1
VNO,287.411499348889,1
VMC,164.21854839182208,1
WMT,189.99180019535768,1
WBA,315.4047013348881,1
WM,273.0700075156072,1
WAT,317.8134886912769,1
WEC,180.0296928305615,1
WFC,205.3120489910189,1
WELL,205.52340762070807,1
WDC,139.7376117829923,1
WU,183.87810401708424,1
WRK,305.7520242806519,1
WY,348.80994085388005,1
WHR,85.70337124891459,1
WMB,258.8429616805652,1
WLTW,369.4899711011668,1
WYN,165.12602021037105,1
WYNN,302.4652831831588,1
XEL,146.8460057200777,1
XRX,279.2144342851642,1
XLNX,103.13982891474112,1
XL,276.16745734705955,1
XYL,266.53191288655853,1
YUM,215.89941892449886,1
ZBH,171.70159714926876,1
ZION,108.37470130644758,1
ZTS,369.2554929191085,1
MMM,134.4252072795374,2
AOS,90.8777688946704,2
ABT,263.74082793185863,2
ABBV,300.5710207825388,2
ACN,211.03336448208373,2
ATVI,355.9830174776222,2
AYI,378.27697610908564,2
ADBE,108.17882144345725,2
AAP,197.10586293447656,2
AMD,105.99189072471339,2
AES,199.18091962359094,2
AET,328.16965022200407,2
AMG,240.76970622593984,2
AFL,381.7080105909124,2
A,123.03554861055113,2
APD,204.1926944382606,2
AKAM,163.37940665777418,2
ALK,135.07493234382304,2
ALB,71.49629658691147,2
ARE,374.7573316894792,2
ALXN,105.3588555276816,2
ALGN,113.54635740196352,2
ALLE,189.09622931395157,2
AGN,289.3380965954112,2
ADS,91.83349764374888,2
LNT,361.6613234815424,2
ALL,124.55121901467177,2
GOOGL,93.8649513426011,2
GOOG,228.99292253030552,2
MO,192.7870176481195,2
AMZN,229.96497230016922,2
AEE,241.61360759486408,2
AAL,100.11226888356587,2
AEP,251.11829968526047,2
AXP,289.36312408394434,2
AIG,281.15002086083314,2
AMT,335.0725779834649,2
AWK,353.202355349636,2
AMP,173.16266254482426,2
ABC,290.81397936617674,2
AME,276.54382785844786,2
AMGN,280.0164732862773,2
APH,340.5146837322274,2
APC,163.0767888608235,2
ADI,140.35100371089044,2
ANDV,105.9407354320776,2
ANSS,265.00369057334046,2
ANTM,193.83408326259658,2
AON,80.66559278492167,2
APA,152.16459705183266,2
AIV,126.91475631131337,2
AAPL,269.9613374928127,2
AMAT,203.96816344260043,2
APTV,177.32900077889224,2
ADM,161.71976521004672,2
ARNC,208.99872380474912,2
AJG,138.62600470992578,2
AIZ,277.98256426067,2
T,336.34314363426284,2
ADSK,204.54382886049504,2
ADP,199.9709441723442,2
AZO,215.89451690708287,2
AVB,307.4497046573352,2
AVY,236.11988559034472,2
BHGE,114.28475754172855,2
BLL,299.19396614632086,2
BAC,195.95137140165758,2
BAX,97.83369878444475,2
BBT,290.3196761877246,2
BDX,197.11021060779063,2
BRK.B,242.06549068785446,2
BBY,364.5450828370491,2
BIIB,193.84535557149056,2
BLK,200.31304257749636,2
HRB,314.85039287580366,2
BA,100.09867005945408,2
BKNG,294.20900493535186,2
BWA,188.9808454278251,2
BXP,362.81137935601816,2
BSX,251.0260066347453,2
BHF,272.7716670515155,2
BMY,367.05752353102423,2
AVGO,320.32326742398345,2
BF.B,138.48414681583085,2
CHRW,259.1485200087699,2
CA,88.87866492922701,2
COG,190.34134021753914,2
CDNS,278.4136534932872,2
CPB,120.59770966586989,2
COF,262.8607567573349,2
CAH,328.5036906806055,2
KMX,281.02502402929616,2
CCL,276.40240373239936,2
CAT,217.78512057150016,2
CBOE,178.05970888468465,2
CBRE,185.83752005110912,2
CBS,215.506539409226,2
CELG,298.27015769571994,2
CNC,147.93774485467253,2
CNP,349.03220708432184,2
CTL,313.425265875159,2
CERN,86.44965250240205,2
CF,244.2430631805749,2
SCHW,183.88865239939588,2
CHTR,258.69285105471886,2
CVX,242.59561352067993,2
CMG,249.61990631961885,2
CB,71.31648874150552,2
CHD,289.3921582085352,2
CI,98.56832633963714,2
XEC,373.70081201427325,2
CINF,137.87351912804618,2
CTAS,355.8058316431179,2
CSCO,247.64053265893233,2
C,121.01366100322056,2
CFG,370.39030582334834,2
CTXS,275.46650358748457,2
CME,280.97571359893254,2
CMS,160.18563286385967,2
KO,346.0922183790209,2
CTSH,259.98167526716225,2
CL,236.16908246405197,2
CMCSA,125.933660109623,2
CMA,168.25769370941734,2
CAG,271.839912117102,2
CXO,208.36501094768758,2
COP,336.1334268888797,2
ED,184.76642544193874,2
STZ,306.2892410837449,2
GLW,311.7397100867355,2
COST,139.83601748910513,2
COTY,317.51595665302085,2
CCI,344.7967372059284,2
CSRA,371.1472751121266,2
CSX,248.5684297639482,2
CMI,162.87950565748747,2
CVS,81.26258947667958,2
DHI,321.4063904484235,2
DHR,253.57511980717112,2
DRI,173.5554199161403,2
DVA,197.32710560799728,2
DE,316.0318401029282,2
DAL,130.37071471849458,2
XRAY,169.23431348628336,2
DVN,212.67983843821077,2
DLR,161.7534855136524,2
DFS,204.60688096647118,2
DISCA,206.26810898031573,2
DISCK,181.43816350151104,2
DISH,205.80932815308964,2
DG,287.1959954798626,2
DLTR,250.91439160248282,2
D,352.43455480830437,2
DOV,205.02588285393887,2
DWDP,118.61239324281345,2
DPS,83.37557279808573,2
DTE,297.1006861078394,2
DUK,114.25983321053462,2
DRE,310.0577832524521,2
DXC,112.70245072257232,2
ETFC,283.1491423685282,2
EMN,277.47878639389535,2
ETN,162.1188236405622,2
EBAY,350.4842554675613,2
ECL,221.08336532251244,2
EIX,83.82858907871785,2
EW,353.0966713594966,2
EA,198.22799460512556,2
EMR,150.0261392548529,2
ETR,234.88331466971354,2
EVHC,161.9579239348918,2
EOG,210.69267148193626,2
EQT,184.5040556744372,2
EFX,86.23769000807509,2
EQIX,354.5142327996246,2
EQR,138.75237371779647,2
ESS,312.8400106872077,2
EL,207.73878395147156,2
RE,266.37733356893983,2
ES,216.27397624753777,2
EXC,287.63659938030406,2
EXPE,96.61556301047364,2
EXPD,86.29905992086063,2
ESRX,174.60328067239206,2
EXR,299.4701614717559,2
XOM,69.9543227255061,2
FFIV,178.61549982148998,2
FB,114.22989529519852,2
FAST,267.433693813788,2
FRT,201.07768274502357,2
FDX,76.96155876521581,2
FIS,364.51458923835855,2
FITB,101.58956453392551,2
FE,144.33940423673508,2
FISV,78.20116975150691,2
FLIR,349.10595878141163,2
FLS,247.3453600626217,2
FLR,182.66752097383727,2
FMC,291.2440311234558,2
FL,178.9912044348932,2
F,274.0587043542037,2
FTV,220.40220402395795,2
FBHS,216.8458388390174,2
BEN,98.64430210363682,2
FCX,242.24238296977447,2
GPS,211.65388588960235,2
GRMN,273.4699907825824,2
IT,255.93259240497088,2
GD,139.88100385262578,2
GE,157.70811063468818,2
GGP,324.17345176123047,2
GIS,135.6603656472339,2
GM,350.9636723427625,2
GPC,319.3171521959694,2
GILD,130.37685520955475,2
GPN,240.5481663493646,2
GS,277.0107112609507,2
GT,183.4650427063792,2
GWW,292.54846919063493,2
HAL,160.3428329551042,2
HBI,292.4199265589405,2
HOG,133.4234137391856,2
HRS,191.0034091207166,2
HIG,241.21035775967155,2
HAS,187.84615846274923,2
HCA,72.08423577787414,2
HCP,139.5603180450769,2
HP,258.2382784928515,2
HSIC,90.48341261228018,2
HES,238.79336015101381,2
HPE,194.4252762732889,2
HLT,227.75360855760894,2
HOLX,128.1942520129448,2
HD,133.6621776295402,2
HON,322.88974818562576,2
HRL,325.1128706577718,2
HST,112.30493315970516,2
HPQ,184.10864550734303,2
HUM,104.17977502795007,2
HBAN,184.44989492189595,2
HII,131.1868220004267,2
IDXX,288.8126545198819,2
INFO,239.00226693585424,2
ITW,275.914503803753,2
ILMN,162.50305065920384,2
INCY,380.9577746297567,2
IR,197.8782433268441,2
INTC,153.32509243918076,2
ICE,157.96241246828652,2
IBM,127.50497799153746,2
IP,261.03550754879353,2
IPG,270.85409588841077,2
IFF,337.4562915094095,2
INTU,197.7626461772213,2
ISRG,87.59563290248806,2
IVZ,120.52521633915309,2
IPGP,215.14834991777337,2
IQV,140.98291584494189,2
IRM,266.71081241775255,2
JBHT,125.122567480197,2
JEC,368.12480918665347,2
SJM,269.7201728975214,2
JNJ,109.15682816229993,2
JCI,273.179170230835,2
JPM,161.11555222355602,2
JNPR,349.1529310944479,2
KSU,241.77550877173096,2
K,119.00152449777225,2
KEY,169.09843604793025,2
KMB,304.6800627947238,2
KIM,73.0690129220791,2
KMI,285.1465543443896,2
KLAC,113.52722385600853,2
KSS,207.5849597459066,2
KHC,68.06656478096308,2
KR,277.0223692530867,2
LB,131.06579384197522,2
LLL,108.47136025085058,2
LH,140.3677735802616,2
LRCX,133.28751670822277,2
LEG,93.0811769714253,2
LEN,385.3693863446749,2
LUK,169.71522538022208,2
LLY,256.1978481335071,2
LNC,299.00827329170613,2
LKQ,189.72821628328387,2
LMT,110.8955811089911,2
L,172.78696387700225,2
LOW,325.1023075458413,2
LYB,149.28622364633168,2
MTB,336.3965037574497,2
MAC,298.66915706794725,2
M,214.48154715037793,2
MRO,179.27190674916875,2
MPC,110.13052293137574,2
MAR,368.7676539106469,2
MMC,187.68058312302284,2
MLM,372.4546159124041,2
MAS,114.60137292292764,2
MA,338.5389442129072,2
MAT,275.6361791011303,2
MKC,187.16098001029613,2
MCD,151.4924656900665,2
MCK,291.09507324525424,2
MDT,69.34537325149219,2
MRK,358.08100405209115,2
MET,260.3188884258428,2
MTD,278.31770848549166,2
MGM,165.9442259676204,2
KORS,356.88204226959004,2
MCHP,197.11876364361606,2
MU,275.39160537580733,2
MSFT,202.09361524375214,2
MAA,107.55262463746158,2
MHK,80.96774343670384,2
TAP,110.40808840816325,2
MDLZ,241.2352059219309,2
MON,136.60004187486123,2
MNST,275.9295411881893,2
MCO,67.69766935421606,2
MS,115.26872664389259,2
MSI,135.95053859537464,2
MYL,218.7377872358486,2
NDAQ,115.8679510692721,2
NOV,198.05362777761212,2
NAVI,237.90853508997418,2
NKTR,180.8120370303424,2
NTAP,225.4365048129364,2
NFLX,302.4512663108993,2
NWL,144.0051678492095,2
NFX,159.9487958033541,2
NEM,251.68007166357071,2
NWSA,93.72528599049552,2
NWS,89.1022842344584,2
NEE,122.54054300204402,2
NLSN,292.11911637043573,2
NKE,88.59193514399206,2
NI,201.6321449222973,2
NBL,239.31790122287785,2
JWN,340.61791789217136,2
NSC,209.0513557048412,2
NTRS,297.5190242284132,2
NOC,302.34378048715973,2
NCLH,86.42736428015303,2
NRG,86.36187430391101,2
NUE,76.31086104577246,2
NVDA,240.1859505259267,2
ORLY,356.9300211576235,2
OXY,215.51088208592458,2
OMC,90.14365757296537,2
OKE,254.53454304461187,2
ORCL,285.6102584444793,2
PCAR,336.9906685064891,2
PKG,301.01047024839323,2
PH,233.7216089786843,2
PAYX,289.01821877141873,2
PYPL,247.6669256495939,2
PNR,291.2743777640987,2
PBCT,149.5021432954261,2
PEP,247.09931522327304,2
PKI,169.44986275991207,2
PRGO,319.03839479328855,2
PFE,294.45973930468205,2
PCG,305.10512465236224,2
PM,250.4281434356823,2
PSX,162.40906247655656,2
PNW,103.09205924445538,2
PXD,289.3506573654305,2
PNC,261.3750926421922,2
RL,372.861217197816,2
PPG,80.10552938735124,2
PPL,194.11016599276383,2
PX,307.2100215137032,2
PFG,181.4145879303169,2
PG,176.53114262191067,2
PGR,251.55766004522735,2
PLD,227.89642359473766,2
PRU,230.55452752768522,2
PEG,94.43706830326647,2
PSA,350.78731243284506,2
PHM,144.19575985733954,2
PVH,111.46341749440269,2
QRVO,309.4141995595346,2
QCOM,169.10361013727422,2
PWR,72.0996539019278,2
DGX,84.11728144503287,2
RRC,144.44621451069912,2
RJF,74.74147196599115,2
RTN,90.31277016891266,2
O,79.2879521447208,2
RHT,359.33175494774326,2
REG,183.20072237164732,2
REGN,295.91964773875515,2
RF,264.83085887848523,2
RSG,204.16134678559786,2
RMD,186.9091077588308,2
RHI,110.13462744784086,2
ROK,131.33100619853866,2
COL,186.95601314264283,2
ROP,245.55364085193273,2
ROST,235.56176312429278,2
RCL,115.1776805845406,2
SPGI,219.2936413235089,2
CRM,265.9688839388383,2
SBAC,173.518240130865,2
SCG,178.70733926368118,2
SLB,274.8001358169702,2
STX,336.0700515469151,2
SEE,300.4415877790008,2
SRE,150.097446972152,2
SHW,259.971964203345,2
SPG,215.3741601447411,2
SWKS,323.0970547443856,2
SLG,107.02715306075946,2
SNA,291.21189412953134,2
SO,198.83180134039043,2
LUV,158.61909837374748,2
SWK,269.50065677510077,2
SBUX,325.76107567935435,2
STT,205.73792751492434,2
SRCL,349.27036590309365,2
SYK,236.30011725797695,2
STI,186.18957697556428,2
SIVB,378.7449014802738,2
SYMC,234.08527629512218,2
SYF,294.7272777086942,2
SNPS,166.3834965158548,2
SYY,350.9918155848863,2
TROW,347.9560199849155,2
TTWO,88.34510747294061,2
TPR,333.1036822844278,2
TGT,341.70037796181,2
TEL,337.1197978085071,2
FTI,104.9841483011277,2
TXN,194.95420981901782,2
TXT,149.74052656723543,2
BK,371.47005999651344,2
CLX,239.83897288816448,2
COO,264.73901120315765,2
HSY,362.77974929756374,2
MOS,103.88936013436529,2
TRV,339.58756098084615,2
DIS,253.79958684784617,2
TMO,369.4594474766774,2
TIF,296.958902307504,2
TWX,216.61108487823785,2
TJX,127.23746443573162,2
TMK,351.10612826299507,2
TSS,167.85577635010432,2
TSCO,285.28211867659996,2
TDG,295.83714845153446,2
TRIP,262.1099171301421,2
FOXA,285.49093584175796,2
FOX,179.45410710705235,2
TSN,248.6691495957797,2
USB,335.40480409490743,2
UDR,86.75871189495074,2
ULTA,166.56202973300486,2
UAA,256.39109792433095,2
UA,269.1658551473397,2
UNP,178.17448696792235,2
UAL,262.03459942567895,2
UNH,189.94493491064767,2
UPS,78.6539439703746,2
URI,361.933829323578,2
UTX,215.78582802578242,2
UHS,72.35459053700724,2
UNM,169.47264613559602,2
VFC,291.9905334447346,2
VLO,377.028223624802,2
VAR,282.6095696053136,2
VTR,292.16256568754295,2
VRSN,230.88401272244462,2
VRSK,159.84377666079422,2
VZ,336.3747419316899,2
VRTX,292.39254702248707,2
VIAB,239.616179973487,2
V,193.6072996724897,2
VNO,278.328024457482,2
VMC,169.86872794829188,2
WMT,184.5903931253492,2
WBA,312.7875487213009,2
WM,270.3258849225666,2
WAT,320.7214529869889,2
WEC,189.01674538009496,2
WFC,198.61812427556237,2
WELL,204.68465190198296,2
WDC,136.43430422745206,2
WU,194.04406369514274,2
WRK,320.0283563066551,2
WY,354.9015921942932,2
WHR,97.26467257999968,2
WMB,268.1192400457738,2
WLTW,370.6697392351482,2
WYN,178.02633079934878,2
WYNN,288.51801461090946,2
XEL,161.8910159326985,2
XRX,290.1473814971709,2
XLNX,93.03712098532381,2
XL,279.93972935691943,2
XYL,256.28640990368376,2
YUM,210.49421388296125,2
ZBH,174.3933629681306,2
ZION,103.72748587061916,2
ZTS,362.0472144413915,2
MMM,135.01391046088017,3
AOS,88.44168885953606,3
ABT,260.2987275517676,3
ABBV,298.37996885464474,3
ACN,219.17042336693513,3
ATVI,359.3805455733726,3
AYI,375.14299226305064,3
ADBE,101.2138636408508,3
AAP,183.0201322197209,3
AMD,93.22983966468138,3
AES,197.6824241046796,3
AET,315.08645491952296,3
AMG,240.24652141594342,3
AFL,367.61229631363693,3
A,107.07404665263428,3
APD,195.26877597266582,3
AKAM,172.75285173019978,3
ALK,150.50583843949346,3
ALB,64.82437277068574,3
ARE,365.9067316593366,3
ALXN,97.66509775754253,3
ALGN,118.75208088713735,3
ALLE,180.53855766373448,3
AGN,279.6415264076347,3
ADS,100.26103968644085,3
LNT,359.541726624034,3
ALL,114.56629429761504,3
GOOGL,80.79518960706145,3
GOOG,232.58006584252587,3
MO,185.50397994017746,3
AMZN,233.97227754568686,3
AEE,253.36190707283293,3
AAL,97.9269750591931,3
AEP,258.7499688415863,3
AXP,286.56842306512846,3
AIG,278.6208783117496,3
AMT,339.27245916046337,3
AWK,343.25515457608316,3
AMP,170.65252963428154,3
ABC,287.0354268022247,3
AME,281.110200652709,3
AMGN,286.19766661251435,3
APH,345.81088370276507,3
APC,171.40836751572473,3
ADI,125.99210286275374,3
ANDV,115.89909853824358,3
ANSS,280.7617421084248,3
ANTM,195.24155748785745,3
AON,90.47399971047369,3
APA,161.8131171771229,3
AIV,142.17666919749712,3
AAPL,263.50852619606985,3
AMAT,203.89660989563004,3
APTV,178.24084093554885,3
ADM,148.09694532138886,3
ARNC,216.2524862092381,3
AJG,136.35896693733633,3
AIZ,272.20508262974437,3
T,324.27366281105145,3
ADSK,197.32352540125848,3
ADP,201.25825775567392,3
AZO,230.4424866233873,3
AVB,311.82245668244065,3
AVY,245.94830800703372,3
BHGE,106.20084237583868,3
BLL,305.27099911118404,3
BAC,210.63510142738514,3
BAX,82.69935000710092,3
BBT,282.2398847668571,3
BDX,185.37824972325615,3
BRK.B,235.18908525757473,3
BBY,360.8813282435104,3
BIIB,189.84375102968454,3
BLK,191.76612252950846,3
HRB,325.6080773610101,3
BA,97.3907671330262,3
BKNG,278.9174626672779,3
BWA,178.91236763726465,3
BXP,359.29842710329706,3
BSX,266.1754808498957,3
BHF,274.2660536520174,3
BMY,373.85055754822787,3
AVGO,305.8263033255065,3
BF.B,143.41940728846635,3
CHRW,250.85448398767244,3
CA,80.6509540032144,3
COG,178.3423886771812,3
CDNS,280.9213070051425,3
CPB,106.28839757952639,3
COF,260.8693676753006,3
CAH,335.8801201325312,3
KMX,266.8064293225616,3
CCL,279.4923656117741,3
CAT,212.201744447873,3
CBOE,178.96558413976163,3
CBRE,199.89789129468375,3
CBS,224.24328440102312,3
CELG,295.88617241569295,3
CNC,146.57728573451195,3
CNP,346.78840944974803,3
CTL,314.98812655222554,3
CERN,80.4516299327727,3
CF,246.7580446604024,3
SCHW,173.774461444182,3
CHTR,267.09898137580626,3
CVX,244.38366535845938,3
CMG,244.22230885795906,3
CB,71.32397194255255,3
CHD,273.92376332138275,3
CI,83.11919042231236,3
XEC,363.380387572154,3
CINF,123.05493191218784,3
CTAS,354.1780586898459,3
CSCO,238.33613954505785,3
C,105.13711382023901,3
CFG,357.71133945203445,3
CTXS,271.1468415846172,3
CME,277.0337060638708,3
CMS,166.65240321749627,3
KO,332.8646443147909,3
CTSH,260.4255321090895,3
CL,241.088978843583,3
CMCSA,129.08988047683937,3
CMA,168.51132477390186,3
CAG,285.9514805560079,3
CXO,200.6562162121005,3
COP,333.0721732536154,3
ED,186.42699808208204,3
STZ,292.533426229498,3
GLW,327.69367190925584,3
COST,124.47152744027515,3
COTY,303.2381196204276,3
CCI,345.60380558638,3
CSRA,373.03050573341574,3
CSX,259.3279576695573,3
CMI,165.6657155377075,3
CVS,76.93924508399819,3
DHI,335.21175147275926,3
DHR,260.6414520038913,3
DRI,181.10885908530602,3
DVA,204.94327832800423,3
DE,322.6940417799774,3
DAL,124.01450380818432,3
XRAY,154.78539446225108,3
DVN,220.40344323165272,3
DLR,149.2739629194692,3
DFS,193.87307950786231,3
DISCA,214.36263731798047,3
DISCK,177.46807960105036,3
DISH,206.05730690113575,3
DG,284.0110969771101,3
DLTR,237.97359858069666,3
D,347.4606201740422,3
DOV,215.57295039592492,3
DWDP,111.41665344372377,3
DPS,82.26339328930686,3
DTE,305.47331879196656,3
DUK,112.63436946063545,3
DRE,306.9080380075842,3
DXC,112.8063629959353,3
ETFC,285.8160504381853,3
EMN,291.00912593451153,3
ETN,154.88796072196268,3
EBAY,366.39284247808035,3
ECL,232.29291224108934,3
EIX,86.60356250371626,3
EW,366.4511823987082,3
EA,210.324362279061,3
EMR,159.51796503630075,3
ETR,228.27668046023396,3
EVHC,153.18246038227696,3
EOG,196.92026776827828,3
EQT,200.31469669723876,3
EFX,97.16419725566826,3
EQIX,369.0550226952779,3
EQR,133.92766849616524,3
ESS,326.6855815275171,3
EL,218.31801832094766,3
RE,271.1275147086608,3
ES,201.208662411729,3
EXC,293.8764878639612,3
EXPE,85.38008669295102,3
EXPD,88.58358685128144,3
ESRX,169.13126146719944,3
EXR,288.6903415246905,3
XOM,69.40120792474848,3
FFIV,173.80230873734425,3
FB,105.8774416472784,3
FAST,261.86292401478096,3
FRT,197.8905418299507,3
FDX,82.51937922139426,3
FIS,379.15448384090917,3
FITB,110.87252237666351,3
FE,133.00391092580426,3
FISV,78.07639677248476,3
FLIR,341.17664275730505,3
FLS,239.33907975483694,3
FLR,188.46974113278543,3
FMC,290.92611391520984,3
FL,171.00772181306894,3
F,285.8666266519056,3
FTV,206.7333959248146,3
FBHS,219.69297826807662,3
BEN,106.40289349369675,3
FCX,253.97078627770406,3
GPS,199.18169859576355,3
GRMN,267.0463238376448,3
IT,259.718065014696,3
GD,128.1103338062451,3
GE,161.33459526987423,3
GGP,324.00340869940896,3
GIS,122.17067092510156,3
GM,338.4626181635631,3
GPC,320.7002827876444,3
GILD,140.8081305296531,3
GPN,226.98859110302624,3
GS,279.6438789073731,3
GT,191.41597454984222,3
GWW,287.9775217986737,3
HAL,150.66667000811856,3
HBI,303.10897485739207,3
HOG,125.41721424164135,3
HRS,205.23296442882773,3
HIG,253.51321603383371,3
HAS,181.7455603811975,3
HCA,58.585938713518985,3
HCP,133.11047701887668,3
HP,252.40127679216928,3
HSIC,96.4943222604731,3
HES,225.4948136082221,3
HPE,201.35125865214408,3
HLT,239.72321973134072,3
HOLX,130.86414530447487,3
HD,119.36593185591828,3
HON,336.5593405617453,3
HRL,316.60785098902363,3
HST,117.90617520541922,3
HPQ,174.19802553319042,3
HUM,111.62506939083296,3
HBAN,177.99448056986458,3
HII,134.13360079413337,3
IDXX,284.9715661832207,3
INFO,228.95536163062587,3
ITW,270.43128513589403,3
ILMN,170.37116595278812,3
INCY,369.7683683365939,3
IR,200.58681577401694,3
INTC,155.18220649514183,3
ICE,154.20051134494807,3
IBM,142.50211140040287,3
IP,265.7064586945803,3
IPG,257.66941584215385,3
IFF,325.15695446297786,3
INTU,207.976379108048,3
ISRG,72.76490077593161,3
IVZ,107.0208191281871,3
IPGP,204.7189432361079,3
IQV,141.88532292415334,3
IRM,265.3925614325378,3
JBHT,135.47284460397387,3
JEC,364.00985613985256,3
SJM,268.89848411912135,3
JNJ,97.10798853989105,3
JCI,283.4413827175517,3
JPM,166.80243632387277,3
JNPR,338.794694062278,3
KSU,232.65231912592088,3
K,117.17517441959524,3
KEY,178.35355224973966,3
KMB,304.40279245676476,3
KIM,81.08627509210757,3
KMI,293.03413278962284,3
KLAC,102.86049797553828,3
KSS,197.49023030657222,3
KHC,65.26323013348396,3
KR,285.8211404449595,3
LB,129.42134394843242,3
LLL,124.20271636354184,3
LH,152.89444861292932,3
LRCX,137.9043036350364,3
LEG,101.50445865394411,3
LEN,381.44671630162134,3
LUK,159.66700198454504,3
LLY,247.67830504140483,3
LNC,308.8300483576609,3
LKQ,180.37294525642417,3
LMT,105.14273598797692,3
L,181.28062728951917,3
LOW,318.90629940016015,3
LYB,141.8803119246911,3
MTB,348.72292320415266,3
MAC,308.60777808287247,3
M,230.1007928834302,3
MRO,179.42640426532006,3
MPC,103.68477044708217,3
MAR,374.28639569447705,3
MMC,182.06298647383434,3
MLM,368.45885441210794,3
MAS,125.27527922972246,3
MA,335.24042130821425,3
MAT,291.0996893073423,3
MKC,182.52901511150523,3
MCD,166.21798523891016,3
MCK,278.4759664795265,3
MDT,73.18157681634051,3
MRK,345.2167322062824,3
MET,246.71742652672418,3
MTD,269.72110594697983,3
MGM,170.49454859175765,3
KORS,366.5066124046005,3
MCHP,184.3118194237875,3
MU,287.967157510161,3
MSFT,212.74963612237374,3
MAA,123.22465052913847,3
MHK,85.65580707120839,3
TAP,102.80684383090835,3
MDLZ,227.21111630146385,3
MON,129.07109504867128,3
MNST,270.56809624244,3
MCO,80.98167110867517,3
MS,107.93571099599922,3
MSI,136.611465140594,3
MYL,204.88206059086556,3
NDAQ,129.59049996974426,3
NOV,195.73076731229025,3
NAVI,228.94563346697765,3
NKTR,186.50039928793527,3
NTAP,235.3530326725122,3
NFLX,312.9151065360323,3
NWL,156.84903716940778,3
NFX,171.87470034093622,3
NEM,264.8957100796088,3
NWSA,105.31198541000384,3
NWS,76.77018827928887,3
NEE,115.88969704140986,3
NLSN,306.16942798169407,3
NKE,99.23654553930724,3
NI,187.23611241192845,3
NBL,230.7060410383647,3
JWN,343.9896475789338,3
NSC,215.44032067962672,3
NTRS,302.5387406243254,3
NOC,310.9077965257562,3
NCLH,90.1839002526784,3
NRG,85.73431106769031,3
NUE,69.82865131157055,3
NVDA,240.88347287399108,3
ORLY,350.24498699674757,3
OXY,208.53172767150275,3
OMC,84.19967814538809,3
OKE,246.7061414559231,3
ORCL,270.2679179557343,3
PCAR,351.6529572101709,3
PKG,315.5145832542879,3
PH,227.02118381650058,3
PAYX,286.79271072797485,3
PYPL,239.71566198687646,3
PNR,294.1686736818026,3
PBCT,158.37813341514928,3
PEP,262.7224453357508,3
PKI,178.2583650338063,3
PRGO,305.6310683014991,3
PFE,307.6456055769123,3
PCG,296.9564229911093,3
PM,244.82807183782288,3
PSX,155.73987374635018,3
PNW,118.39523965554011,3
PXD,289.0318254238376,3
PNC,247.51278739456973,3
RL,377.4221385703605,3
PPG,95.25948569007132,3
PPL,178.92885486502115,3
PX,297.944667797807,3
PFG,186.19515910586875,3
PG,178.79313981279083,3
PGR,265.3809027309901,3
PLD,233.03143216421606,3
PRU,226.01180336375026,3
PEG,87.68882087162976,3
PSA,341.3574995921482,3
PHM,153.56613354857765,3
PVH,111.85359596333863,3
QRVO,321.85454895433276,3
QCOM,162.03053500366462,3
PWR,60.238867962509495,3
DGX,87.71685245353356,3
RRC,140.1440747619265,3
RJF,82.73215841436111,3
RTN,100.21746200102794,3
O,82.07739807825311,3
RHT,363.1915071755195,3
REG,197.8677241521258,3
REGN,282.13356693664656,3
RF,271.63013346962066,3
RSG,190.96255332401228,3
RMD,197.57896942869905,3
RHI,99.22128088498945,3
ROK,144.79186236563714,3
COL,201.63257355516026,3
ROP,261.3541315735805,3
ROST,231.94701848614915,3
RCL,110.46302412389342,3
SPGI,206.92161502258398,3
CRM,280.2394727718903,3
SBAC,165.562741857832,3
SCG,186.7415367051202,3
SLB,275.2171431241321,3
STX,323.5502050794461,3
SEE,303.87487264701576,3
SRE,137.0413331677815,3
SHW,246.1688934373264,3
SPG,200.7018099369844,3
SWKS,321.3911662574005,3
SLG,121.78710507692105,3
SNA,280.8471794111825,3
SO,192.29123775940516,3
LUV,146.00706138666425,3
SWK,261.77927391768696,3
SBUX,331.4671413155957,3
STT,193.2373212601447,3
SRCL,344.5548707151451,3
SYK,230.0360096606651,3
STI,195.09419797769456,3
SIVB,379.91944052139615,3
SYMC,235.87512381800377,3
SYF,284.82063871511167,3
SNPS,177.91932993432675,3
SYY,337.0850658571085,3
TROW,356.266922201405,3
TTWO,76.73443389542085,3
TPR,324.24817220851503,3
TGT,341.41881649938176,3
TEL,347.5490457058906,3
FTI,107.5525891877093,3
TXN,183.06033522159228,3
TXT,147.78545182239398,3
BK,379.9398145793641,3
CLX,242.48898509165164,3
COO,261.18111427200813,3
HSY,350.10922283699847,3
MOS,89.60214486465453,3
TRV,347.09245333127024,3
DIS,268.68360087391375,3
TMO,370.80620217014905,3
TIF,286.95643298756585,3
TWX,230.78777596068852,3
TJX,129.4233622682725,3
TMK,360.01685594349806,3
TSS,168.3172328472518,3
TSCO,274.0947007401454,3
TDG,293.1149081295172,3
TRIP,264.902209719221,3
FOXA,277.7904047875275,3
FOX,188.00907093461547,3
TSN,236.16779883827715,3
USB,339.0002902925354,3
UDR,92.00835067192209,3
ULTA,179.53073315220183,3
UAA,243.73661712284408,3
UA,278.01215498467883,3
UNP,167.09602371022862,3
UAL,250.03394814851706,3
UNH,199.08636703622284,3
UPS,68.77911659813564,3
URI,360.8812210562186,3
UTX,224.33509596128744,3
UHS,77.16743864640435,3
UNM,164.52960247830896,3
VFC,298.87605969322357,3
VLO,361.62912319391745,3
VAR,286.54308173193164,3
VTR,302.1601336839083,3
VRSN,230.35690398960602,3
VRSK,148.028672940213,3
VZ,338.0359459195917,3
VRTX,277.5438471341198,3
VIAB,238.73241973975314,3
V,180.78379226513107,3
VNO,283.89281083909725,3
VMC,181.22598621102404,3
WMT,186.2604078399391,3
WBA,320.5337997087562,3
WM,267.4474655117216,3
WAT,312.52470054422054,3
WEC,191.7384499888385,3
WFC,183.1411574726248,3
WELL,211.74211726661514,3
WDC,123.27098599538269,3
WU,202.71592440204134,3
WRK,323.0501585642563,3
WY,366.7670984049484,3
WHR,89.00450837806267,3
WMB,280.4272442329132,3
WLTW,355.2397366124561,3
WYN,170.5451131539951,3
WYNN,287.69284384523144,3
XEL,174.97747729486537,3
XRX,299.25253418998034,3
XLNX,77.90555297528022,3
XL,295.80895264801563,3
XYL,268.392016752265,3
YUM,220.0608641131238,3
ZBH,159.81100256544119,3
ZION,100.87195817246626,3
ZTS,369.518002239362,3
MMM,137.32581515044964,4
AOS,79.1612501135864,4
ABT,255.54915699894605,4
ABBV,312.4561429921795,4
ACN,221.43161438835727,4
ATVI,369.4690357910081,4
AYI,377.0666523133456,4
ADBE,102.93394036921478,4
AAP,167.527210089139,4
AMD,94.3531674459595,4
AES,204.7436390191044,4
AET,326.1855935419048,4
AMG,238.7329756054524,4
AFL,367.7786700643393,4
A,121.49562597934758,4
APD,202.66650608994905,4
AKAM,182.67659174810876,4
ALK,140.09389199092027,4
ALB,77.43370242945811,4
ARE,352.85675327032703,4
ALXN,86.58353654636976,4
ALGN,111.55578930053164,4
ALLE,186.64869889284512,4
AGN,269.015966925528,4
ADS,106.78947577316609,4
LNT,370.4443890863036,4
ALL,110.79523182293394,4
GOOGL,96.69231396558148,4
GOOG,244.1672106597367,4
MO,176.84466363169446,4
AMZN,241.194174359281,4
AEE,267.83099815444814,4
AAL,112.44320048071496,4
AEP,259.66826349151427,4
AXP,284.1424465235223,4
AIG,291.6847771783984,4
AMT,346.1547204473922,4
AWK,342.6641037799042,4
AMP,179.99289080751348,4
ABC,294.77779120190485,4
AME,286.5146985399907,4
AMGN,301.21967680500853,4
APH,350.26419202040427,4
APC,180.77713651968108,4
ADI,139.02522161888245,4
ANDV,106.28423498673958,4
ANSS,280.876937260638,4
ANTM,207.94964428189272,4
AON,103.82406828027389,4
APA,148.1722384217615,4
AIV,145.05889511154803,4
AAPL,266.0691267594637,4
AMAT,212.50443987146716,4
APTV,164.49406593780105,4
ADM,152.9694743544456,4
ARNC,202.04154669691536,4
AJG,140.0016997175047,4
AIZ,268.6368394777928,4
T,325.3757794033505,4
ADSK,199.8065103599586,4
ADP,208.6482596344801,4
AZO,233.15959583665745,4
AVB,300.6709582579667,4
AVY,237.52440048437336,4
BHGE,90.61967301310167,4
BLL,309.61084144671725,4
BAC,196.71327241082298,4
BAX,86.81030569964743,4
BBT,295.0422778930476,4
BDX,181.27968669885385,4
BRK.B,228.64135433253685,4
BBY,357.7177414031649,4
BIIB,179.7951905310288,4
BLK,182.65270698354266,4
HRB,324.47153550662534,4
BA,106.7827639048219,4
BKNG,276.62537403909147,4
BWA,167.54247538087571,4
BXP,359.52861462309545,4
BSX,266.56291808864074,4
BHF,258.37246308996276,4
BMY,363.2221883827571,4
AVGO,315.6801687505435,4
BF.B,149.28554045373852,4
CHRW,236.11467358666354,4
CA,93.31543415010883,4
COG,185.1241554734857,4
CDNS,283.42993957063425,4
CPB,109.45491967582583,4
COF,257.2114648479742,4
CAH,330.5642769203898,4
KMX,261.72674837709576,4
CCL,266.9114491839023,4
CAT,207.37589893517998,4
CBOE,190.04742824633598,4
CBRE,191.29685304079976,4
CBS,211.38260443248635,4
CELG,285.3538247746943,4
CNC,146.52927644624967,4
CNP,350.14254668542094,4
CTL,301.2107476723508,4
CERN,82.15992047828233,4
CF,260.12805167900626,4
SCHW,170.95088017035175,4
CHTR,278.51513060295395,4
CVX,231.10381061192206,4
CMG,258.08315575855113,4
CB,65.88989108274694,4
CHD,261.5235021895853,4
CI,89.30961310260635,4
XEC,353.5639458350786,4
CINF,135.248876452739,4
CTAS,369.11031301177644,4
CSCO,224.9626943697904,4
C,106.03376051669068,4
CFG,368.1372364712556,4
CTXS,265.57596976951453,4
CME,283.9403164665409,4
CMS,160.0792347839376,4
KO,346.23137162178045,4
CTSH,251.23850710399356,4
CL,251.80571965474223,4
CMCSA,118.55511673880449,4
CMA,179.20061078330167,4
CAG,277.4714172754715,4
CXO,194.3150319915598,4
COP,345.10695106738643,4
ED,197.37667596429878,4
STZ,307.4807692190098,4
GLW,334.39130149631825,4
COST,127.34935343054906,4
COTY,309.81131008138686,4
CCI,337.1625733127128,4
CSRA,373.0266086128795,4
CSX,255.98925811487646,4
CMI,158.90320870699125,4
CVS,85.18362343965484,4
DHI,337.9386809281905,4
DHR,247.4831198316172,4
DRI,186.612072547361,4
DVA,206.78826078316266,4
DE,312.59931103806366,4
DAL,115.47809679511133,4
XRAY,140.32199977327937,4
DVN,226.34613385210116,4
DLR,152.28288596225707,4
DFS,185.81232312618977,4
DISCA,206.12780378792382,4
DISCK,191.54055455190584,4
DISH,215.0829780952436,4
DG,296.3177104640405,4
DLTR,228.70675954069404,4
D,343.6303447429038,4
DOV,226.23164836027883,4
DWDP,104.45721644551183,4
DPS,94.47278316847866,4
DTE,299.4579280237362,4
DUK,122.07537300509549,4
DRE,305.42596122617385,4
DXC,125.84460938953026,4
ETFC,291.6099998232367,4
EMN,300.4101551648631,4
ETN,157.77254342861994,4
EBAY,357.4807233904909,4
ECL,243.2133783310009,4
EIX,77.16779402590905,4
EW,372.39335916924733,4
EA,195.81411204985895,4
EMR,169.87629380904949,4
ETR,223.03637859859614,4
EVHC,166.79512111756966,4
EOG,207.55827676635857,4
EQT,197.1368226155549,4
EFX,88.7949210370197,4
EQIX,371.52441427398094,4
EQR,140.6477999717226,4
ESS,341.38397826708916,4
EL,204.45008752773242,4
RE,276.89471493874356,4
ES,203.04328545646757,4
EXC,278.5912003513705,4
EXPE,77.55030227636874,4
EXPD,90.64453004310352,4
ESRX,171.27278911791169,4
EXR,279.29665229578063,4
XOM,69.86335907346096,4
FFIV,163.18029095832412,4
FB,93.4967124252646,4
FAST,252.49948356271852,4
FRT,212.08346870855232,4
FDX,71.77997610289503,4
FIS,372.9470410403866,4
FITB,99.52400729163232,4
FE,130.48672386266398,4
FISV,93.59012927910359,4
FLIR,345.73551655269955,4
FLS,239.94801156671463,4
FLR,196.7979192101767,4
FMC,303.56962319565787,4
FL,168.50957596565075,4
F,291.48448382153225,4
FTV,209.49977685281203,4
FBHS,232.17988008914463,4
BEN,120.68833979362698,4
FCX,256.9099627320782,4
GPS,183.47053337056155,4
GRMN,258.2194868511148,4
IT,272.7308209295183,4
GD,121.56018853210846,4
GE,169.46609092979668,4
GGP,316.3705393083911,4
GIS,132.61430479547664,4
GM,328.791503275023,4
GPC,325.8137032334924,4
GILD,131.61218498966886,4
GPN,214.0303871670632,4
GS,280.7375361735861,4
GT,187.67832626139904,4
GWW,295.3999042388755,4
HAL,154.852674589464,4
HBI,291.4106604053283,4
HOG,138.678346743178,4
HRS,215.80052895568633,4
HIG,265.7367907436906,4
HAS,191.7720455558148,4
HCA,45.437073167994726,4
HCP,148.15255675837602,4
HP,242.5268167063104,4
HSIC,99.31431612784664,4
HES,216.89894793286683,4
HPE,203.97280607297608,4
HLT,223.99767608796859,4
HOLX,122.37638707948958,4
HD,106.39289690385658,4
HON,336.4014971541287,4
HRL,312.54069689867123,4
HST,117.17153077378227,4
HPQ,169.8586384349722,4
HUM,122.85233429421916,4
HBAN,169.7684078164804,4
HII,118.71569139721797,4
IDXX,298.5621658689486,4
INFO,219.72943838919082,4
ITW,261.6278253173844,4
ILMN,167.8966951776354,4
INCY,357.87872387388614,4
IR,198.96724654327858,4
INTC,150.34181800553577,4
ICE,143.66041587243006,4
IBM,128.72934732877658,4
IP,273.2753052457423,4
IPG,245.24033917981598,4
IFF,332.12874060067657,4
INTU,192.09183474596676,4
ISRG,63.366283693490736,4
IVZ,109.57310466998672,4
IPGP,202.68704568738934,4
IQV,134.30228670743614,4
IRM,255.75855316435056,4
JBHT,141.6633329959756,4
JEC,376.3756088228343,4
SJM,273.81742705817095,4
JNJ,112.95521431507224,4
JCI,283.24237414363563,4
JPM,182.1222956350967,4
JNPR,331.2890600511717,4
KSU,225.1561369077229,4
K,111.82524992705045,4
KEY,174.2807042701647,4
KMB,291.6414247486059,4
KIM,79.8467200633368,4
KMI,308.1205350610698,4
KLAC,99.56982039424047,4
KSS,199.65137567483225,4
KHC,69.46001211991614,4
KR,277.5245873385426,4
LB,133.24970358683515,4
LLL,118.38773837369244,4
LH,138.59080168860206,4
LRCX,140.0757764081843,4
LEG,113.51755817699426,4
LEN,374.25204546292457,4
LUK,153.6160051092919,4
LLY,247.94880743211135,4
LNC,309.2493064676992,4
LKQ,191.54268391596284,4
LMT,105.3196566005879,4
L,171.7179415332263,4
LOW,314.8760709807129,4
LYB,135.44479131974688,4
MTB,355.2598014772497,4
MAC,319.94960017271774,4
M,214.95583064451333,4
MRO,185.02178266863183,4
MPC,89.32042260474894,4
MAR,370.5005361557562,4
MMC,191.80658040236617,4
MLM,384.30950633258965,4
MAS,111.80132996682109,4
MA,321.2449937623262,4
MAT,276.315960095807,4
MKC,171.39785480454836,4
MCD,177.5466419455903,4
MCK,276.3231221245076,4
MDT,57.30104612927616,4
MRK,356.8619177778532,4
MET,251.09687150690604,4
MTD,259.7472912415313,4
MGM,174.12907474196575,4
KORS,377.20995949821054,4
MCHP,185.28432991265467,4
MU,282.4851030285767,4
MSFT,220.40988913283425,4
MAA,134.2781531292891,4
MHK,77.95254295550183,4
TAP,115.77792944165378,4
MDLZ,239.90654334398238,4
MON,113.36853325396211,4
MNST,276.6799076923266,4
MCO,82.30066739337154,4
MS,121.09128170677928,4
MSI,143.49810267387738,4
MYL,211.64434360007073,4
NDAQ,119.0319206757327,4
NOV,204.48907154218634,4
NAVI,235.5327093454173,4
NKTR,187.1428615428277,4
NTAP,248.3917268487699,4
NFLX,317.5796812407096,4
NWL,157.43688866174807,4
NFX,162.1901488613147,4
NEM,265.5921665308657,4
NWSA,96.21737547202503,4
NWS,88.40950916971356,4
NEE,116.8735708882032,4
NLSN,307.13056426706197,4
NKE,100.80351604790903,4
NI,185.20939241026002,4
NBL,235.48331463869735,4
JWN,358.90491665920206,4
NSC,221.73812897196026,4
NTRS,302.17401395452345,4
NOC,298.458841807504,4
NCLH,98.4284156566631,4
NRG,81.74923522428715,4
NUE,75.02886531734455,4
NVDA,238.06247632274378,4
ORLY,335.93930895993753,4
OXY,202.0394165419386,4
OMC,84.1732352412487,4
OKE,243.4048984955448,4
ORCL,255.46443016095182,4
PCAR,346.52392055015287,4
PKG,328.3636795292444,4
PH,214.66544975011522,4
PAYX,276.5477051663062,4
PYPL,236.63378216391712,4
PNR,281.1301274752611,4
PBCT,166.0645513097442,4
PEP,276.42061964266753,4
PKI,190.9218057184802,4
PRGO,314.9167441770622,4
PFE,306.9624889371519,4
PCG,312.0067313466998,4
PM,257.34573630129665,4
PSX,145.8661202022508,4
PNW,121.28406694418757,4
PXD,283.62070711116587,4
PNC,262.1867201826193,4
RL,382.6435742548275,4
PPG,96.02647799298151,4
PPL,184.89084030961422,4
PX,289.8573751692161,4
PFG,178.41493311297393,4
PG,187.76847439715704,4
PGR,259.88511787983424,4
PLD,238.7031324003425,4
PRU,232.80005274987522,4
PEG,90.60211981483377,4
PSA,337.7425071109784,4
PHM,165.62526591381538,4
PVH,97.29373413432756,4
QRVO,321.93357871344546,4
QCOM,156.40252298403885,4
PWR,62.230025113577554,4
DGX,84.80411693783424,4
RRC,149.02016942149865,4
RJF,71.89774399010304,4
RTN,109.49975922513482,4
O,68.7006989902317,4
RHT,348.32818473115253,4
REG,193.0622562199519,4
REGN,296.54160544118855,4
RF,274.3374474136949,4
RSG,186.1086449537754,4
RMD,184.33928801163077,4
RHI,88.23937370363775,4
ROK,144.84768018641793,4
COL,198.0867263307261,4
ROP,255.72428814155913,4
ROST,228.22197620071057,4
RCL,99.60095907637806,4
SPGI,215.55810903810882,4
CRM,280.8940107693584,4
SBAC,159.4116384264479,4
SCG,202.20423930238834,4
SLB,276.0351693572066,4
STX,332.5914997405272,4
SEE,316.0277661107014,4
SRE,132.0720306140004,4
SHW,250.4036325809533,4
SPG,191.59358657426822,4
SWKS,323.76866588402044,4
SLG,130.03381565143434,4
SNA,280.7742860042777,4
SO,207.193366418819,4
LUV,157.99690779077335,4
SWK,260.3597868991968,4
SBUX,332.54191003983453,4
STT,189.97912002641414,4
SRCL,358.40821712592225,4
SYK,237.95921779687433,4
STI,203.37569991863347,4
SIVB,365.1641807779626,4
SYMC,249.1750401102218,4
SYF,278.2259966659084,4
SNPS,164.4429707080855,4
SYY,347.8966946951928,4
TROW,371.3202621484571,4
TTWO,63.59542563172762,4
TPR,323.24338766830965,4
TGT,332.08027418507453,4
TEL,347.882547352495,4
FTI,97.66692680224807,4
TXN,177.72707695361896,4
TXT,150.73815272241632,4
BK,394.0173640913723,4
CLX,251.7807358974198,4
COO,264.59510604746134,4
HSY,356.9799118500234,4
MOS,95.80769875585028,4
TRV,359.5174280635088,4
DIS,264.58365420614444,4
TMO,385.4374455007289,4
TIF,285.87051794849066,4
TWX,218.50605486113284,4
TJX,126.57415538073518,4
TMK,344.3827673108767,4
TSS,174.3087629433384,4
TSCO,271.3685844547963,4
TDG,293.7370928976226,4
TRIP,279.7680053777478,4
FOXA,280.53872560303637,4
FOX,179.86562182236182,4
TSN,233.58097600477643,4
USB,345.99406777430147,4
UDR,97.97019754366755,4
ULTA,170.78914813443347,4
UAA,240.06267496348022,4
UA,284.3002593540247,4
UNP,153.62280365955945,4
UAL,261.2255680000085,4
UNH,190.0569051621348,4
UPS,56.452514944485586,4
URI,374.0157707922236,4
UTX,218.52219059960777,4
UHS,65.61374882922881,4
UNM,162.0669885001957,4
VFC,285.56090485650157,4
VLO,357.2957690000156,4
VAR,297.3885982563107,4
VTR,288.2070908159961,4
VRSN,235.25801113751444,4
VRSK,153.83535729485615,4
VZ,345.77912406957154,4
VRTX,261.5960467663939,4
VIAB,243.550975863584,4
V,184.6437006119206,4
VNO,279.6597793901391,4
VMC,176.16117058172773,4
WMT,198.03633888815875,4
WBA,321.5480611620299,4
WM,282.6891280505124,4
WAT,317.2536157983641,4
WEC,199.81012989054756,4
WFC,175.5357625535484,4
WELL,206.485967187001,4
WDC,132.67162306984855,4
WU,218.1739909226222,4
WRK,311.786723784507,4
WY,358.727022205977,4
WHR,103.31241633469936,4
WMB,285.8142188388098,4
WLTW,367.1695578350401,4
WYN,171.37207668385818,4
WYNN,285.68508032994225,4
XEL,161.60955232648723,4
XRX,302.650362306951,4
XLNX,70.7438377093269,4
XL,300.2770918611643,4
XYL,265.9975663988066,4
YUM,213.1370889141915,4
ZBH,156.22898719695502,4
ZION,95.15846960479426,4
ZTS,359.10603321113257,4
